{"cameraMode":{"drawMode":0,"name":"Shaded","section":"Shading Mode"},"sceneLighting":false,"audioPlay":false,"sceneViewState":{"showFog":false,"showMaterialUpdate":false,"showSkybox":false,"showFlares":false,"showImageEffects":true,"showParticleSystems":true},"in2DMode":false,"pivot":{"x":9.60601806640625,"y":0.7857446670532227,"z":8.121532440185547},"rotation":{"x":-0.06169554963707924,"y":0.6088904142379761,"z":-0.04757866635918617,"w":-0.7894242405891419},"size":2.8578836917877199,"orthographic":false}