{"cameraMode":{"drawMode":0,"name":"Shaded","section":"Shading Mode"},"sceneLighting":true,"audioPlay":false,"sceneViewState":{"showFog":false,"showMaterialUpdate":false,"showSkybox":true,"showFlares":false,"showImageEffects":true,"showParticleSystems":true},"in2DMode":false,"pivot":{"x":480.3569641113281,"y":329.1816101074219,"z":-75.2684326171875},"rotation":{"x":-0.035348739475011829,"y":0.0536334328353405,"z":0.001915843109600246,"w":0.9979366660118103},"size":553.54248046875,"orthographic":false}