{"cameraMode":{"drawMode":0,"name":"Shaded","section":"Shading Mode"},"sceneLighting":false,"audioPlay":false,"sceneViewState":{"showFog":false,"showMaterialUpdate":false,"showSkybox":false,"showFlares":false,"showImageEffects":true,"showParticleSystems":true},"in2DMode":false,"pivot":{"x":1.053454041481018,"y":0.6560069918632507,"z":-0.7085633277893066},"rotation":{"x":0.0018647660035640002,"y":0.9965314269065857,"z":-0.023014673963189126,"w":0.07999587059020996},"size":5.236573696136475,"orthographic":false}