{"cameraMode":{"drawMode":0,"name":"Shaded","section":"Shading Mode"},"sceneLighting":true,"audioPlay":false,"sceneViewState":{"showFog":false,"showMaterialUpdate":false,"showSkybox":true,"showFlares":false,"showImageEffects":true,"showParticleSystems":true},"in2DMode":false,"pivot":{"x":169.0220489501953,"y":-118.39186096191406,"z":460.7880859375},"rotation":{"x":0.2597917318344116,"y":0.04459220543503761,"z":-0.011993737891316414,"w":0.96456378698349},"size":391.214599609375,"orthographic":false}