{"cameraMode":{"drawMode":0,"name":"Shaded","section":"Shading Mode"},"sceneLighting":false,"audioPlay":false,"sceneViewState":{"showFog":false,"showMaterialUpdate":false,"showSkybox":false,"showFlares":false,"showImageEffects":true,"showParticleSystems":true},"in2DMode":false,"pivot":{"x":0.01754593849182129,"y":0.5741786956787109,"z":0.03545737266540527},"rotation":{"x":0.09505358338356018,"y":0.8988109230995178,"z":-0.24207530915737153,"w":0.35286054015159609},"size":8.372515678405762,"orthographic":false}