{"cameraMode":{"drawMode":0,"name":"Shaded","section":"Shading Mode"},"sceneLighting":true,"audioPlay":false,"sceneViewState":{"showFog":false,"showMaterialUpdate":false,"showSkybox":true,"showFlares":false,"showImageEffects":true,"showParticleSystems":true},"in2DMode":false,"pivot":{"x":97.36888885498047,"y":-26.36321258544922,"z":110.55662536621094},"rotation":{"x":-0.3117884695529938,"y":-0.35946333408355715,"z":0.12879717350006104,"w":-0.8700536489486694},"size":72.45796203613281,"orthographic":false}