{"cameraMode":{"drawMode":0,"name":"Shaded","section":"Shading Mode"},"sceneLighting":true,"audioPlay":false,"sceneViewState":{"showFog":false,"showMaterialUpdate":false,"showSkybox":true,"showFlares":false,"showImageEffects":true,"showParticleSystems":true},"in2DMode":false,"pivot":{"x":96.73773193359375,"y":10.812366485595704,"z":99.4732666015625},"rotation":{"x":-0.4134279191493988,"y":-0.42062118649482729,"z":0.22411926090717317,"w":-0.7758438587188721},"size":18.38075828552246,"orthographic":false}