{"cameraMode":{"drawMode":0,"name":"Shaded","section":"Shading Mode"},"sceneLighting":true,"audioPlay":false,"sceneViewState":{"showFog":false,"showMaterialUpdate":false,"showSkybox":true,"showFlares":false,"showImageEffects":true,"showParticleSystems":true},"in2DMode":false,"pivot":{"x":152.45314025878907,"y":-3.6012954711914064,"z":106.52261352539063},"rotation":{"x":0.21417459845542909,"y":0.5656029582023621,"z":-0.15505626797676087,"w":0.7811449766159058},"size":24.43406867980957,"orthographic":false}