{"cameraMode":{"drawMode":0,"name":"Shaded","section":"Shading Mode"},"sceneLighting":true,"audioPlay":false,"sceneViewState":{"showFog":false,"showMaterialUpdate":false,"showSkybox":true,"showFlares":false,"showImageEffects":true,"showParticleSystems":true},"in2DMode":false,"pivot":{"x":162.34938049316407,"y":-4.844539642333984,"z":66.07646942138672},"rotation":{"x":0.09505358338356018,"y":0.8988109230995178,"z":-0.24207530915737153,"w":0.35286054015159609},"size":123.40544128417969,"orthographic":false}