{"cameraMode":{"drawMode":0,"name":"Shaded","section":"Shading Mode"},"sceneLighting":true,"audioPlay":false,"sceneViewState":{"showFog":false,"showMaterialUpdate":false,"showSkybox":true,"showFlares":false,"showImageEffects":true,"showParticleSystems":true},"in2DMode":false,"pivot":{"x":141.50912475585938,"y":20.176143646240236,"z":101.9773941040039},"rotation":{"x":0.007753858808428049,"y":-0.7990341186523438,"z":0.601148784160614,"w":0.01030659582465887},"size":4.657895088195801,"orthographic":false}