{"cameraMode":{"drawMode":0,"name":"Shaded","section":"Shading Mode"},"sceneLighting":true,"audioPlay":false,"sceneViewState":{"showFog":false,"showMaterialUpdate":false,"showSkybox":true,"showFlares":false,"showImageEffects":true,"showParticleSystems":true},"in2DMode":false,"pivot":{"x":140.94973754882813,"y":0.5945029258728027,"z":102.20536041259766},"rotation":{"x":-0.14198638498783112,"y":0.021089043468236924,"z":-0.0030275131575763227,"w":-0.9896429181098938},"size":6.737505912780762,"orthographic":false}