{"cameraMode":{"drawMode":0,"name":"Shaded","section":"Shading Mode"},"sceneLighting":true,"audioPlay":false,"sceneViewState":{"showFog":false,"showMaterialUpdate":false,"showSkybox":true,"showFlares":false,"showImageEffects":true,"showParticleSystems":true},"in2DMode":false,"pivot":{"x":162.18646240234376,"y":-164.92779541015626,"z":434.27703857421877},"rotation":{"x":0.2597917318344116,"y":0.04459220543503761,"z":-0.011993737891316414,"w":0.96456378698349},"size":442.194580078125,"orthographic":false}