{"cameraMode":{"drawMode":0,"name":"Shaded","section":"Shading Mode"},"sceneLighting":true,"audioPlay":false,"sceneViewState":{"showFog":false,"showMaterialUpdate":false,"showSkybox":true,"showFlares":false,"showImageEffects":true,"showParticleSystems":true},"in2DMode":false,"pivot":{"x":453.04620361328127,"y":-5.75384521484375,"z":606.1533813476563},"rotation":{"x":-0.3670797348022461,"y":0.09602290391921997,"z":-0.03812836855649948,"w":-0.9244400262832642},"size":616.258544921875,"orthographic":false}