{"cameraMode":{"drawMode":0,"name":"Shaded","section":"Shading Mode"},"sceneLighting":true,"audioPlay":false,"sceneViewState":{"showFog":false,"showMaterialUpdate":false,"showSkybox":true,"showFlares":false,"showImageEffects":true,"showParticleSystems":true},"in2DMode":false,"pivot":{"x":-0.02461264468729496,"y":0.029675543308258058,"z":1.3150877952575684},"rotation":{"x":0.08294504135847092,"y":-0.734173059463501,"z":-0.6676796674728394,"w":-0.09121566265821457},"size":1.5652763843536378,"orthographic":false}