{"cameraMode":{"drawMode":0,"name":"Shaded","section":"Shading Mode"},"sceneLighting":true,"audioPlay":false,"sceneViewState":{"showFog":false,"showMaterialUpdate":false,"showSkybox":true,"showFlares":false,"showImageEffects":true,"showParticleSystems":true},"in2DMode":false,"pivot":{"x":82.41495513916016,"y":-38.24466323852539,"z":103.92350769042969},"rotation":{"x":0.48916348814964297,"y":-0.251460999250412,"z":0.1497095376253128,"w":0.8216279149055481},"size":97.49069213867188,"orthographic":false}