{"cameraMode":{"drawMode":0,"name":"Shaded","section":"Shading Mode"},"sceneLighting":true,"audioPlay":false,"sceneViewState":{"showFog":false,"showMaterialUpdate":false,"showSkybox":true,"showFlares":false,"showImageEffects":true,"showParticleSystems":true},"in2DMode":false,"pivot":{"x":91.92860412597656,"y":6.409137725830078,"z":107.24800109863281},"rotation":{"x":-0.18024931848049165,"y":-0.4345189034938812,"z":0.08921277523040772,"w":-0.8779202103614807},"size":6.347898483276367,"orthographic":false}