{"cameraMode":{"drawMode":0,"name":"Shaded","section":"Shading Mode"},"sceneLighting":true,"audioPlay":false,"sceneViewState":{"showFog":false,"showMaterialUpdate":false,"showSkybox":true,"showFlares":false,"showImageEffects":true,"showParticleSystems":true},"in2DMode":false,"pivot":{"x":25.94001007080078,"y":8.222793579101563,"z":135.08407592773438},"rotation":{"x":0.018551195040345193,"y":-0.06475019454956055,"z":0.0012195620220154524,"w":0.9977321028709412},"size":199.04168701171876,"orthographic":false}