{"cameraMode":{"drawMode":0,"name":"Shaded","section":"Shading Mode"},"sceneLighting":true,"audioPlay":false,"sceneViewState":{"showFog":false,"showMaterialUpdate":false,"showSkybox":true,"showFlares":false,"showImageEffects":true,"showParticleSystems":true},"in2DMode":false,"pivot":{"x":9.60601806640625,"y":0.7857446074485779,"z":8.121532440185547},"rotation":{"x":-0.06169554963707924,"y":0.6088904142379761,"z":-0.04757866635918617,"w":-0.7894242405891419},"size":-0.15825319290161134,"orthographic":false}