{"cameraMode":{"drawMode":0,"name":"Shaded","section":"Shading Mode"},"sceneLighting":true,"audioPlay":false,"sceneViewState":{"showFog":false,"showMaterialUpdate":false,"showSkybox":true,"showFlares":false,"showImageEffects":true,"showParticleSystems":true},"in2DMode":false,"pivot":{"x":140.40309143066407,"y":-305.1547546386719,"z":289.5706481933594},"rotation":{"x":0.476863831281662,"y":-0.005535868927836418,"z":0.0030214921571314337,"w":0.8789588212966919},"size":398.58935546875,"orthographic":false}