{"cameraMode":{"drawMode":0,"name":"Shaded","section":"Shading Mode"},"sceneLighting":true,"audioPlay":false,"sceneViewState":{"showFog":false,"showMaterialUpdate":false,"showSkybox":true,"showFlares":false,"showImageEffects":true,"showParticleSystems":true},"in2DMode":false,"pivot":{"x":110.51371765136719,"y":8.587471008300782,"z":136.46963500976563},"rotation":{"x":-0.07824373990297318,"y":0.6079974174499512,"z":-0.060390401631593707,"w":-0.7877672910690308},"size":126.6768569946289,"orthographic":false}